mse,model,start_time,end_time,cycle_id,node_id
0.2469114164128793,LinearRegression,1765572683.1537135,1765572695.7619584,13,spark-master
1.022785839894616,Ridge,1765572695.762149,1765572708.0453928,13,spark-master
0.3246532612841918,Lasso,1765572708.04555,1765572719.623273,13,spark-master
0.24233058164327284,RandomForest,1765572719.6235292,1765572754.055805,13,spark-master
0.2520676235264371,DecisionTree,1765572754.0559618,1765572774.688932,13,spark-master
0.736110941449291,GradientBoosting,1765572774.689161,1765572809.3516285,13,spark-master
