mse,model,start_time,end_time,cycle_id,node_id
0.24691141641009356,LinearRegression,1765573205.1125526,1765573217.6569517,16,spark-master
1.022785839884838,Ridge,1765573217.657103,1765573229.5721917,16,spark-master
0.3246532612834188,Lasso,1765573229.5723794,1765573240.9275148,16,spark-master
0.24233058164327284,RandomForest,1765573240.9276776,1765573275.866232,16,spark-master
0.2520676235264369,DecisionTree,1765573275.8664706,1765573296.4418948,16,spark-master
0.7361109414492912,GradientBoosting,1765573296.4420912,1765573331.5667157,16,spark-master
