mse,model,start_time,end_time,cycle_id,node_id
0.24691141641073036,LinearRegression,1765570529.415801,1765570548.2910385,1,spark-master
1.022785839893046,Ridge,1765570548.2912462,1765570560.86708,1,spark-master
0.3246532612834187,Lasso,1765570560.8673122,1765570572.8432894,1,spark-master
0.24233058164327284,RandomForest,1765570572.8434958,1765570612.6990886,1,spark-master
0.2520676235264371,DecisionTree,1765570612.699283,1765570635.5502088,1,spark-master
0.7361109414492912,GradientBoosting,1765570635.5504017,1765570678.7792358,1,spark-master
