mse,model,start_time,end_time,cycle_id,node_id
0.2469114164128793,LinearRegression,1765572855.3358927,1765572867.9079132,14,spark-master
1.022785839893046,Ridge,1765572867.9080882,1765572879.2673337,14,spark-master
0.3246532612841918,Lasso,1765572879.2675111,1765572890.0176024,14,spark-master
0.24233058164327295,RandomForest,1765572890.017782,1765572925.3534002,14,spark-master
0.25206762352643697,DecisionTree,1765572925.3535771,1765572946.5778036,14,spark-master
0.736110941449291,GradientBoosting,1765572946.577953,1765572981.421889,14,spark-master
