mse,model,start_time,end_time,cycle_id,node_id
0.24691141641025605,LinearRegression,1765573726.28735,1765573742.3644583,19,spark-master
1.022785839894816,Ridge,1765573742.364623,1765573757.2156866,19,spark-master
0.3246532612837463,Lasso,1765573757.2158766,1765573771.4870286,19,spark-master
0.24233058164327295,RandomForest,1765573771.4871867,1765573805.8435252,19,spark-master
0.252067623526437,DecisionTree,1765573805.8436859,1765573826.3984048,19,spark-master
0.736110941449291,GradientBoosting,1765573826.3985775,1765573862.0748663,19,spark-master
