mse,model,start_time,end_time,cycle_id,node_id
0.24691141641009356,LinearRegression,1765573377.4415545,1765573389.2031384,17,spark-master
1.0227858398847205,Ridge,1765573389.203329,1765573400.7856066,17,spark-master
0.3246532612841918,Lasso,1765573400.7857888,1765573411.5378516,17,spark-master
0.24233058164327284,RandomForest,1765573411.5380113,1765573444.6502893,17,spark-master
0.252067623526437,DecisionTree,1765573444.6504548,1765573464.7128937,17,spark-master
0.7361109414492912,GradientBoosting,1765573464.7130356,1765573498.7674417,17,spark-master
