mse,model,start_time,end_time,cycle_id,node_id
0.24691141641009356,LinearRegression,1765572331.161043,1765572343.6195016,11,spark-master
1.022785839892908,Ridge,1765572343.6197004,1765572356.194728,11,spark-master
0.32465326128396804,Lasso,1765572356.1948936,1765572368.0180278,11,spark-master
0.24233058164327284,RandomForest,1765572368.0182064,1765572402.645593,11,spark-master
0.25206655139795114,DecisionTree,1765572402.6457012,1765572423.6950343,11,spark-master
0.736110941449291,GradientBoosting,1765572423.6952052,1765572459.434787,11,spark-master
