mse,model,start_time,end_time,cycle_id,node_id
0.24691141641138142,LinearRegression,1765572152.7578237,1765572165.5441794,10,spark-master
1.0227858398948164,Ridge,1765572165.5443814,1765572177.861903,10,spark-master
0.3246532612841918,Lasso,1765572177.8620894,1765572189.962032,10,spark-master
0.24233058164327284,RandomForest,1765572189.9622712,1765572225.6131425,10,spark-master
0.25206762352643697,DecisionTree,1765572225.6133163,1765572246.845042,10,spark-master
0.7361109414492918,GradientBoosting,1765572246.8452213,1765572284.3536592,10,spark-master
