mse,model,start_time,end_time,cycle_id,node_id
0.24691141641083553,LinearRegression,1765573546.0029569,1765573557.8429883,18,spark-master
1.022785839893046,Ridge,1765573557.8431585,1765573569.6075675,18,spark-master
0.32465326128327016,Lasso,1765573569.6077547,1765573580.9790797,18,spark-master
0.24233058164327295,RandomForest,1765573580.9792469,1765573614.6516433,18,spark-master
0.2520676235264371,DecisionTree,1765573614.6518054,1765573635.822474,18,spark-master
0.7361109414492912,GradientBoosting,1765573635.8226366,1765573675.5141482,18,spark-master
