mse,model,start_time,end_time,cycle_id,node_id
0.24691141641156078,LinearRegression,1765573915.0075018,1765573927.7213774,20,spark-master
1.0227858398945333,Ridge,1765573927.7215707,1765573939.5724902,20,spark-master
0.3246532612841918,Lasso,1765573939.5726593,1765573950.9281905,20,spark-master
0.24233058164327295,RandomForest,1765573950.9283607,1765573983.8692377,20,spark-master
0.25206762352643697,DecisionTree,1765573983.8694148,1765574003.7895095,20,spark-master
0.7361109414492912,GradientBoosting,1765574003.789684,1765574037.5277193,20,spark-master
