mse,model,start_time,end_time,cycle_id,node_id
0.24691141641141937,LinearRegression,1765571268.8098407,1765571284.4884434,5,spark-master
1.022785839884838,Ridge,1765571284.4885962,1765571297.2349453,5,spark-master
0.3246532612834187,Lasso,1765571297.2351434,1765571309.2607915,5,spark-master
0.24233058164327284,RandomForest,1765571309.260974,1765571344.4641345,5,spark-master
0.2520676235264372,DecisionTree,1765571344.4642906,1765571366.2921562,5,spark-master
0.7361109414492912,GradientBoosting,1765571366.2923152,1765571403.7107172,5,spark-master
