mse,model,start_time,end_time,cycle_id,node_id
0.24691141641141937,LinearRegression,1765570728.5423386,1765570742.0723295,2,spark-master
1.022785839893046,Ridge,1765570742.072546,1765570754.4872382,2,spark-master
0.3246532612837462,Lasso,1765570754.4874218,1765570766.8409848,2,spark-master
0.24233058164327284,RandomForest,1765570766.84115,1765570803.7165534,2,spark-master
0.25206762352643697,DecisionTree,1765570803.7166812,1765570825.4365046,2,spark-master
0.7361109414492912,GradientBoosting,1765570825.4366398,1765570861.8724654,2,spark-master
