mse,model,start_time,end_time,cycle_id,node_id
0.2469114164128793,LinearRegression,1765572506.769024,1765572521.0297363,12,spark-master
1.022785839894616,Ridge,1765572521.0298867,1765572532.8668454,12,spark-master
0.32465326128396804,Lasso,1765572532.8670359,1765572544.3277462,12,spark-master
0.24233058164327295,RandomForest,1765572544.327927,1765572579.3385532,12,spark-master
0.2520676235264371,DecisionTree,1765572579.3387272,1765572599.6221204,12,spark-master
0.7361109414492915,GradientBoosting,1765572599.6223335,1765572636.013907,12,spark-master
