mse,model,start_time,end_time,cycle_id,node_id
0.2469114164128793,LinearRegression,1765571631.6763277,1765571644.0976243,7,spark-master
1.022785839884838,Ridge,1765571644.0978389,1765571655.9839466,7,spark-master
0.3246532612842009,Lasso,1765571655.9841557,1765571667.5068846,7,spark-master
0.24233058164327284,RandomForest,1765571667.507094,1765571701.9274914,7,spark-master
0.25206762352643697,DecisionTree,1765571701.9276953,1765571723.5296957,7,spark-master
0.736110941449291,GradientBoosting,1765571723.5298681,1765571757.9595697,7,spark-master
