mse,model,start_time,end_time,cycle_id,node_id
0.24691141641141937,LinearRegression,1765571450.763305,1765571463.8301,6,spark-master
1.0227858398847205,Ridge,1765571463.830289,1765571476.4459617,6,spark-master
0.3246532612837463,Lasso,1765571476.4461226,1765571488.7179315,6,spark-master
0.24233058164327284,RandomForest,1765571488.7181602,1765571524.4498975,6,spark-master
0.25206762352643697,DecisionTree,1765571524.4501016,1765571546.3403082,6,spark-master
0.7361109414492912,GradientBoosting,1765571546.340488,1765571584.7181473,6,spark-master
