mse,model,start_time,end_time,cycle_id,node_id
0.24691141641156078,LinearRegression,1765573027.4497058,1765573039.95369,15,spark-master
1.0227858398929077,Ridge,1765573039.9538884,1765573052.0892155,15,spark-master
0.3246532612841918,Lasso,1765573052.0893967,1765573065.0587711,15,spark-master
0.24233058164327295,RandomForest,1765573065.0588973,1765573101.3486454,15,spark-master
0.2520676235264371,DecisionTree,1765573101.3488123,1765573122.1430495,15,spark-master
0.736110941449291,GradientBoosting,1765573122.1431997,1765573157.4404516,15,spark-master
