mse,model,start_time,end_time,cycle_id,node_id
0.24691141641156078,LinearRegression,1765571804.420467,1765571816.4952111,8,spark-master
1.022785839894616,Ridge,1765571816.4953938,1765571828.075401,8,spark-master
0.32465326128399175,Lasso,1765571828.0755782,1765571839.2267065,8,spark-master
0.24233058164327295,RandomForest,1765571839.2268572,1765571877.3619149,8,spark-master
0.2520676235264371,DecisionTree,1765571877.3620653,1765571897.9778829,8,spark-master
0.736110941449291,GradientBoosting,1765571897.9780517,1765571933.1131706,8,spark-master
