mse,model,start_time,end_time,cycle_id,node_id
0.24691141641009356,LinearRegression,1765571087.5000193,1765571100.7288103,4,spark-master
1.022785839884927,Ridge,1765571100.7289913,1765571114.274041,4,spark-master
0.32465326128327016,Lasso,1765571114.2741385,1765571126.2624142,4,spark-master
0.24233058164327284,RandomForest,1765571126.2625751,1765571161.645822,4,spark-master
0.2520676235264371,DecisionTree,1765571161.6459823,1765571182.7154253,4,spark-master
0.7361109414492912,GradientBoosting,1765571182.715558,1765571219.2071006,4,spark-master
