mse,model,start_time,end_time,cycle_id,node_id
0.2469114164128793,LinearRegression,1765571978.8150165,1765571991.5578413,9,spark-master
1.022785839894616,Ridge,1765571991.5580297,1765572004.2131047,9,spark-master
0.32465326128327016,Lasso,1765572004.2133093,1765572015.689071,9,spark-master
0.24233058164327279,RandomForest,1765572015.689851,1765572050.575795,9,spark-master
0.252067623526437,DecisionTree,1765572050.576052,1765572071.4014099,9,spark-master
0.736110941449291,GradientBoosting,1765572071.4015908,1765572106.4326732,9,spark-master
