mse,model,start_time,end_time,cycle_id,node_id
0.24691141641073036,LinearRegression,1765570909.8247054,1765570923.1302488,3,spark-master
1.022785839884927,Ridge,1765570923.1304057,1765570935.5453732,3,spark-master
0.3246532612834187,Lasso,1765570935.5455327,1765570947.6500134,3,spark-master
0.24233058164327279,RandomForest,1765570947.6502087,1765570982.6052883,3,spark-master
0.2520676235264371,DecisionTree,1765570982.605461,1765571003.8721948,3,spark-master
0.7361109414492915,GradientBoosting,1765571003.8723829,1765571041.3651435,3,spark-master
