mse,model,start_time,end_time,cycle_id,node_id
0.24670058733984893,LinearRegression,1765535877.83609,1765535902.7688591,1,spark-master
1.0232451773028,Ridge,1765535902.7690141,1765535923.2270513,1,spark-master
0.32550101655778746,Lasso,1765535923.2271824,1765535943.028751,1,spark-master
0.25651535617140037,RandomForest,1765535943.0289783,1765535999.9261298,1,spark-master
0.2539752492728116,DecisionTree,1765535999.9262877,1765536035.1738853,1,spark-master
0.7679835655494237,GradientBoosting,1765536035.1740148,1765536091.0078013,1,spark-master
