mse,model,start_time,end_time,cycle_id,node_id
0.24670058733956554,LinearRegression,1765538116.2024012,1765538135.8430378,10,spark-master
1.023245177302922,Ridge,1765538135.8431733,1765538155.7660573,10,spark-master
0.32550101655778757,Lasso,1765538155.7661903,1765538175.0260515,10,spark-master
0.25651478807832645,RandomForest,1765538175.0261755,1765538230.648113,10,spark-master
0.2539752492728116,DecisionTree,1765538230.648208,1765538264.5769439,10,spark-master
0.7679835655494237,GradientBoosting,1765538264.5770667,1765538320.0320585,10,spark-master
