mse,model,start_time,end_time,cycle_id,node_id
0.2467005873405858,LinearRegression,1765537871.8568456,1765537891.634445,9,spark-master
1.0232451773028002,Ridge,1765537891.6345942,1765537911.356426,9,spark-master
0.32550102096653977,Lasso,1765537911.3565643,1765537930.6608946,9,spark-master
0.25651535617140037,RandomForest,1765537930.6615233,1765537985.8421416,9,spark-master
0.2539752492728119,DecisionTree,1765537985.8423178,1765538019.4897873,9,spark-master
0.7679835655494237,GradientBoosting,1765538019.4898942,1765538071.5011537,9,spark-master
