mse,model,start_time,end_time,cycle_id,node_id
0.24670058733956554,LinearRegression,1765538364.5468996,1765538384.5196412,11,spark-master
1.023245177302922,Ridge,1765538384.5197785,1765538404.0653377,11,spark-master
0.3255010342493611,Lasso,1765538404.0654523,1765538422.7135823,11,spark-master
0.25651478807832645,RandomForest,1765538422.7137473,1765538477.297653,11,spark-master
0.2539752492728116,DecisionTree,1765538477.297818,1765538510.5083053,11,spark-master
0.7679835655494237,GradientBoosting,1765538510.5084455,1765538563.309111,11,spark-master
