mse,model,start_time,end_time,cycle_id,node_id
0.2467005873404769,LinearRegression,1765538609.643943,1765538628.912683,12,spark-master
1.0232451773030664,Ridge,1765538628.9128165,1765538647.934539,12,spark-master
0.32550101655778757,Lasso,1765538647.93471,1765538666.6638396,12,spark-master
0.2565147880783265,RandomForest,1765538666.6640432,1765538722.2057352,12,spark-master
0.253975249272812,DecisionTree,1765538722.2058628,1765538755.8808722,12,spark-master
0.7679835655494237,GradientBoosting,1765538755.8811886,1765538810.24738,12,spark-master
