mse,model,start_time,end_time,cycle_id,node_id
0.2467005873404197,LinearRegression,1765537129.7731667,1765537149.8192842,6,spark-master
1.0232451773028,Ridge,1765537149.8194585,1765537169.8068657,6,spark-master
0.32550101655778757,Lasso,1765537169.8070114,1765537188.6867056,6,spark-master
0.25651535617140037,RandomForest,1765537188.6868439,1765537243.6258655,6,spark-master
0.253975249272812,DecisionTree,1765537243.6259968,1765537276.9353702,6,spark-master
0.7679835655494237,GradientBoosting,1765537276.9355206,1765537331.1248932,6,spark-master
