mse,model,start_time,end_time,cycle_id,node_id
0.24670058734044828,LinearRegression,1765539344.6141837,1765539364.270172,15,spark-master
1.023245177302922,Ridge,1765539364.2702641,1765539384.0463169,15,spark-master
0.3255010128651734,Lasso,1765539384.046463,1765539402.4984386,15,spark-master
0.25651535617140037,RandomForest,1765539402.498565,1765539457.5145023,15,spark-master
0.253975249272812,DecisionTree,1765539457.5146127,1765539495.3127565,15,spark-master
0.7679835655494237,GradientBoosting,1765539495.3128834,1765539547.344626,15,spark-master
