mse,model,start_time,end_time,cycle_id,node_id
0.2467005873405858,LinearRegression,1765537622.7415283,1765537642.528822,8,spark-master
1.023245177303359,Ridge,1765537642.528963,1765537662.6713643,8,spark-master
0.32550101655778757,Lasso,1765537662.6714978,1765537684.2040634,8,spark-master
0.25651478807832645,RandomForest,1765537684.2042058,1765537740.4983988,8,spark-master
0.2539752492728116,DecisionTree,1765537740.4985466,1765537774.5591097,8,spark-master
0.7679835655494237,GradientBoosting,1765537774.5592525,1765537827.5874882,8,spark-master
