mse,model,start_time,end_time,cycle_id,node_id
0.24670058733956554,LinearRegression,1765536384.796108,1765536404.5412126,3,spark-master
1.023245177302922,Ridge,1765536404.5413687,1765536424.0948997,3,spark-master
0.3255010313561471,Lasso,1765536424.0950348,1765536442.5870447,3,spark-master
0.25651535617140037,RandomForest,1765536442.5871844,1765536501.5518765,3,spark-master
0.2539752492728116,DecisionTree,1765536501.5520275,1765536535.2098432,3,spark-master
0.7679835655494237,GradientBoosting,1765536535.209953,1765536589.8897645,3,spark-master
