mse,model,start_time,end_time,cycle_id,node_id
0.24670058733984881,LinearRegression,1765536879.4850552,1765536899.0536585,5,spark-master
1.023245177303066,Ridge,1765536899.053804,1765536918.0178185,5,spark-master
0.3255010313561471,Lasso,1765536918.0179524,1765536937.1074305,5,spark-master
0.25651535617140037,RandomForest,1765536937.1075714,1765536991.2852905,5,spark-master
0.253975249272812,DecisionTree,1765536991.2854435,1765537026.0307155,5,spark-master
0.7679835655494237,GradientBoosting,1765537026.0308726,1765537083.8383517,5,spark-master
