mse,model,start_time,end_time,cycle_id,node_id
0.24670058733956554,LinearRegression,1765536137.7179935,1765536158.3758912,2,spark-master
1.023245177302922,Ridge,1765536158.3760362,1765536178.6240664,2,spark-master
0.3255010165572409,Lasso,1765536178.6242156,1765536197.9756856,2,spark-master
0.25651478807832645,RandomForest,1765536197.9758337,1765536253.9422183,2,spark-master
0.2539752492728116,DecisionTree,1765536253.9423614,1765536287.3682084,2,spark-master
0.7679835655494237,GradientBoosting,1765536287.3683467,1765536340.2552652,2,spark-master
