mse,model,start_time,end_time,cycle_id,node_id
0.2467005873405858,LinearRegression,1765539101.7299187,1765539121.150211,14,spark-master
1.023245177303359,Ridge,1765539121.1503851,1765539140.6660357,14,spark-master
0.32550101655778757,Lasso,1765539140.666174,1765539159.4436176,14,spark-master
0.25651478807832645,RandomForest,1765539159.443773,1765539213.5459511,14,spark-master
0.2539752492728116,DecisionTree,1765539213.546097,1765539246.4202104,14,spark-master
0.7679835655494237,GradientBoosting,1765539246.4203506,1765539300.0288246,14,spark-master
