mse,model,start_time,end_time,cycle_id,node_id
0.24670058733984881,LinearRegression,1765537376.524573,1765537396.0644498,7,spark-master
1.0232451773001094,Ridge,1765537396.0646064,1765537415.3777027,7,spark-master
0.32550106675993024,Lasso,1765537415.377835,1765537434.3907778,7,spark-master
0.25651535617140037,RandomForest,1765537434.3908954,1765537489.8954966,7,spark-master
0.253975249272812,DecisionTree,1765537489.8956335,1765537523.1374693,7,spark-master
0.7679835655494237,GradientBoosting,1765537523.13762,1765537577.6771514,7,spark-master
