mse,model,start_time,end_time,cycle_id,node_id
0.2467005873405858,LinearRegression,1765536632.7154934,1765536652.8023486,4,spark-master
1.023245177303359,Ridge,1765536652.8025017,1765536672.08428,4,spark-master
0.32550102096653977,Lasso,1765536672.0844438,1765536691.0623848,4,spark-master
0.2565147880783265,RandomForest,1765536691.0625436,1765536746.3938324,4,spark-master
0.2539752492728116,DecisionTree,1765536746.3939862,1765536780.7051811,4,spark-master
0.7679835655494237,GradientBoosting,1765536780.7053142,1765536834.517271,4,spark-master
