mse,model,start_time,end_time,cycle_id,node_id
0.2467005873405858,LinearRegression,1765538855.4498,1765538878.6429338,13,spark-master
1.0232451773028,Ridge,1765538878.6430256,1765538898.1101618,13,spark-master
0.3255010165572409,Lasso,1765538898.11032,1765538917.1932344,13,spark-master
0.25651478807832645,RandomForest,1765538917.1934032,1765538972.4466455,13,spark-master
0.2539752492728119,DecisionTree,1765538972.446797,1765539005.803709,13,spark-master
0.7679835655494237,GradientBoosting,1765539005.8037968,1765539057.4172156,13,spark-master
