mse,model,start_time,end_time,cycle_id,node_id
0.24797696830841148,LinearRegression,1765548890.2602642,1765548928.0151658,20,spark-master
1.0289876436063246,Ridge,1765548928.015279,1765548964.6852815,20,spark-master
0.3266887790023749,Lasso,1765548964.6854143,1765549001.0721853,20,spark-master
0.2545847155221355,RandomForest,1765549001.0722854,1765549107.9449303,20,spark-master
0.25548947719976833,DecisionTree,1765549107.9450588,1765549176.3535972,20,spark-master
0.7434312668270082,GradientBoosting,1765549176.353715,1765549315.202897,20,spark-master
