mse,model,start_time,end_time,cycle_id,node_id
0.24797696830841148,LinearRegression,1765546944.2076664,1765546987.241062,16,spark-master
1.0289876436063246,Ridge,1765546987.2412496,1765547024.9750116,16,spark-master
0.3266887790023749,Lasso,1765547024.9751446,1765547061.8006742,16,spark-master
0.2545847155221355,RandomForest,1765547061.8008657,1765547170.9374676,16,spark-master
0.25548947719976833,DecisionTree,1765547170.9376407,1765547239.349458,16,spark-master
0.7434312668270082,GradientBoosting,1765547239.3496323,1765547386.0624194,16,spark-master
