mse,model,start_time,end_time,cycle_id,node_id
0.24797696830841148,LinearRegression,1765547923.2792554,1765547961.8995442,18,spark-master
1.0289876436063246,Ridge,1765547961.8996766,1765547999.1735547,18,spark-master
0.3266887790023749,Lasso,1765547999.1736817,1765548036.6339157,18,spark-master
0.2545847155221355,RandomForest,1765548036.6340487,1765548140.3497043,18,spark-master
0.25548947719976833,DecisionTree,1765548140.3498352,1765548209.5441244,18,spark-master
0.7434312668270082,GradientBoosting,1765548209.5442846,1765548351.919302,18,spark-master
