mse,model,start_time,end_time,cycle_id,node_id
0.24797696830841148,LinearRegression,1765547439.1386118,1765547477.9367197,17,spark-master
1.0289876436063246,Ridge,1765547477.9368565,1765547514.667166,17,spark-master
0.3266887790023749,Lasso,1765547514.667316,1765547551.344764,17,spark-master
0.2545847155221355,RandomForest,1765547551.3449137,1765547660.3726583,17,spark-master
0.25548947719976833,DecisionTree,1765547660.3727927,1765547728.5169907,17,spark-master
0.7434312668270082,GradientBoosting,1765547728.5171113,1765547870.6058965,17,spark-master
