mse,model,start_time,end_time,cycle_id,node_id
0.24797696830841148,LinearRegression,1765548404.6024559,1765548443.6097596,19,spark-master
1.0289876436063246,Ridge,1765548443.6098912,1765548485.0007915,19,spark-master
0.3266887790023749,Lasso,1765548485.0009353,1765548522.3263755,19,spark-master
0.2545847155221355,RandomForest,1765548522.3264632,1765548629.4939694,19,spark-master
0.25548947719976833,DecisionTree,1765548629.494141,1765548697.9619472,19,spark-master
0.7434312668270082,GradientBoosting,1765548697.9620755,1765548839.4367228,19,spark-master
