cycle_id,model_type,model_label,mse,start_rel_s,end_rel_s,runtime_s,source_file
,LinearRegression,LinearRegression,0.24629529996064584,35.55983209609985,36.342026233673096,0.7821941375732422,logs/master/model_training5.log
,Ridge,Ridge,0.24629529910817188,36.024887800216675,36.359784841537476,0.3348970413208008,logs/master/model_training5.log
,RandomForestRegressor,RandomForest,0.012532254189194581,36.02594017982483,212.3942048549652,176.36826467514038,logs/master/model_training5.log
,DecisionTreeRegressor,DecisionTree,0.02354824872026754,35.645689725875854,106.99327206611633,71.34758234024048,logs/master/model_training5.log
,GradientBoostingRegressor,GradientBoosting,15.910498936854541,35.64459037780762,106.35828995704651,70.71369957923889,logs/master/model_training5.log
,LinearRegression,LinearRegression,0.24629529996064584,33.78253650665283,34.83141088485718,1.0488743782043457,logs/master/model_training15.log
,Ridge,Ridge,0.24629529910817188,33.78146743774414,34.18657326698303,0.4051058292388916,logs/master/model_training15.log
,RandomForestRegressor,RandomForest,0.012532254189194581,34.15845727920532,221.1099147796631,186.95145750045776,logs/master/model_training15.log
,DecisionTreeRegressor,DecisionTree,0.02354824872026754,33.747315406799316,89.27486038208008,55.52754497528076,logs/master/model_training15.log
,GradientBoostingRegressor,GradientBoosting,15.910498936854541,34.156800746917725,99.32097721099854,65.16417646408081,logs/master/model_training15.log
,LinearRegression,LinearRegression,0.24629529996064584,33.9741313457489,35.01992440223694,1.045793056488037,logs/master/model_training8.log
,Ridge,Ridge,0.24629529910817188,33.975157022476196,34.37469172477722,0.3995347023010254,logs/master/model_training8.log
,RandomForestRegressor,RandomForest,0.012532254189194581,34.225579023361206,226.4853916168213,192.25981259346008,logs/master/model_training8.log
,DecisionTreeRegressor,DecisionTree,0.02354824872026754,34.226768016815186,102.47531485557556,68.24854683876038,logs/master/model_training8.log
,GradientBoostingRegressor,GradientBoosting,15.910498936854541,33.559624671936035,84.86176681518555,51.30214214324951,logs/master/model_training8.log
,LinearRegression,LinearRegression,0.24629529996064584,36.773040771484375,37.756940841674805,0.9839000701904297,logs/master/model_training1.log
,Ridge,Ridge,0.24629529910817188,36.768436431884766,37.1635365486145,0.39510011672973633,logs/master/model_training1.log
,RandomForestRegressor,RandomForest,0.012532254189194581,37.152188539505005,224.96728944778442,187.81510090827942,logs/master/model_training1.log
,DecisionTreeRegressor,DecisionTree,0.02354824872026754,36.93097233772278,92.0665864944458,55.13561415672302,logs/master/model_training1.log
,GradientBoostingRegressor,GradientBoosting,15.910498936854541,37.15101337432861,103.19999265670776,66.04897928237915,logs/master/model_training1.log
,LinearRegression,LinearRegression,0.24629529996064584,34.41994905471802,35.47959232330322,1.059643268585205,logs/master/model_training7.log
,Ridge,Ridge,0.24629529910817188,34.05530881881714,34.479477643966675,0.42416882514953613,logs/master/model_training7.log
,RandomForestRegressor,RandomForest,0.012532254189194581,33.72007513046265,211.59907913208008,177.87900400161743,logs/master/model_training7.log
,DecisionTreeRegressor,DecisionTree,0.02354824872026754,34.420960664749146,90.22270154953003,55.801740884780884,logs/master/model_training7.log
,GradientBoostingRegressor,GradientBoosting,15.910498936854541,34.05390429496765,92.85536336898804,58.801459074020386,logs/master/model_training7.log
,LinearRegression,LinearRegression,0.24629529996064584,34.93011665344238,35.99571943283081,1.0656027793884277,logs/master/model_training10.log
,Ridge,Ridge,0.24629529910817188,35.01842951774597,35.353124380111694,0.33469486236572266,logs/master/model_training10.log
,RandomForestRegressor,RandomForest,0.012532254189194581,35.01955580711365,214.56256222724915,179.5430064201355,logs/master/model_training10.log
,DecisionTreeRegressor,DecisionTree,0.02354824872026754,34.931161880493164,89.80219793319702,54.87103605270386,logs/master/model_training10.log
,GradientBoostingRegressor,GradientBoosting,15.910498936854541,33.670920610427856,85.30996370315552,51.63904309272766,logs/master/model_training10.log
,LinearRegression,LinearRegression,0.24629529996064584,33.84015154838562,34.86126637458801,1.0211148262023926,logs/master/model_training4.log
,Ridge,Ridge,0.24629529910817188,34.261051177978516,34.6146981716156,0.35364699363708496,logs/master/model_training4.log
,RandomForestRegressor,RandomForest,0.012532254189194581,33.83885407447815,213.45943927764893,179.62058520317078,logs/master/model_training4.log
,DecisionTreeRegressor,DecisionTree,0.02354824872026754,33.86832094192505,89.14792442321777,55.279603481292725,logs/master/model_training4.log
,GradientBoostingRegressor,GradientBoosting,15.910498936854541,34.26223134994507,85.41683554649353,51.15460419654846,logs/master/model_training4.log
,LinearRegression,LinearRegression,0.24629529996064584,34.38048028945923,35.46911430358887,1.0886340141296387,logs/master/model_training9.log
,Ridge,Ridge,0.24629529910817188,34.70367693901062,35.05910062789917,0.3554236888885498,logs/master/model_training9.log
,RandomForestRegressor,RandomForest,0.012532254189194581,34.37934684753418,213.98332405090332,179.60397720336914,logs/master/model_training9.log
,DecisionTreeRegressor,DecisionTree,0.02354824872026754,34.704774618148804,90.33072686195374,55.62595224380493,logs/master/model_training9.log
,GradientBoostingRegressor,GradientBoosting,15.910498936854541,34.00107169151306,85.9814600944519,51.98038840293884,logs/master/model_training9.log
,LinearRegression,LinearRegression,0.24629529996064584,34.252394914627075,35.33566212654114,1.0832672119140625,logs/master/model_training12.log
,Ridge,Ridge,0.24629529910817188,34.57818579673767,34.915257930755615,0.33707213401794434,logs/master/model_training12.log
,RandomForestRegressor,RandomForest,0.012532254189194581,33.83007597923279,210.58561301231384,176.75553703308105,logs/master/model_training12.log
,DecisionTreeRegressor,DecisionTree,0.02354824872026754,34.2564492225647,90.83192563056946,56.57547640800476,logs/master/model_training12.log
,GradientBoostingRegressor,GradientBoosting,15.910498936854541,34.576425313949585,85.4358332157135,50.859407901763916,logs/master/model_training12.log
,LinearRegression,LinearRegression,0.24629529996064584,34.98087763786316,35.898876428604126,0.9179987907409668,logs/master/model_training11.log
,Ridge,Ridge,0.24629529910817188,34.97986030578613,35.34075403213501,0.36089372634887695,logs/master/model_training11.log
,RandomForestRegressor,RandomForest,0.012532254189194581,34.70965909957886,232.72664880752563,198.01698970794678,logs/master/model_training11.log
,DecisionTreeRegressor,DecisionTree,0.02354824872026754,34.70824980735779,104.33380460739136,69.62555480003357,logs/master/model_training11.log
,GradientBoostingRegressor,GradientBoosting,15.910498936854541,34.33907461166382,86.60372567176819,52.26465106010437,logs/master/model_training11.log
,LinearRegression,LinearRegression,0.24629529996064584,33.96238446235657,34.92046070098877,0.9580762386322021,logs/master/model_training18.log
,Ridge,Ridge,0.24629529910817188,33.96137046813965,34.3203661441803,0.3589956760406494,logs/master/model_training18.log
,RandomForestRegressor,RandomForest,0.012532254189194581,33.67854571342468,210.79205083847046,177.11350512504578,logs/master/model_training18.log
,DecisionTreeRegressor,DecisionTree,0.02354824872026754,34.30447483062744,101.42470359802246,67.12022876739502,logs/master/model_training18.log
,GradientBoostingRegressor,GradientBoosting,15.910498936854541,34.30582356452942,99.73325085639954,65.42742729187012,logs/master/model_training18.log
,LinearRegression,LinearRegression,0.24629529996064584,36.287999629974365,37.384663343429565,1.0966637134552002,logs/master/model_training6.log
,Ridge,Ridge,0.24629529910817188,35.01317000389099,35.28464674949646,0.27147674560546875,logs/master/model_training6.log
,RandomForestRegressor,RandomForest,0.012532254189194581,35.9082715511322,226.85990476608276,190.95163321495056,logs/master/model_training6.log
,DecisionTreeRegressor,DecisionTree,0.02354824872026754,35.90935134887695,104.28329539299011,68.37394404411316,logs/master/model_training6.log
,GradientBoostingRegressor,GradientBoosting,15.910498936854541,36.28899645805359,90.82186818122864,54.53287172317505,logs/master/model_training6.log
,LinearRegression,LinearRegression,0.24629529996064584,34.26457142829895,35.32760190963745,1.063030481338501,logs/master/model_training2.log
,Ridge,Ridge,0.24629529910817188,33.90976619720459,34.31023693084717,0.4004707336425781,logs/master/model_training2.log
,RandomForestRegressor,RandomForest,0.012532254189194581,34.26342010498047,210.56532263755798,176.30190253257751,logs/master/model_training2.log
,DecisionTreeRegressor,DecisionTree,0.02354824872026754,33.90836310386658,93.17209696769714,59.263733863830566,logs/master/model_training2.log
,GradientBoostingRegressor,GradientBoosting,15.910498936854541,33.70793056488037,85.13627600669861,51.42834544181824,logs/master/model_training2.log
,LinearRegression,LinearRegression,0.24629529996064584,33.81996393203735,34.60311031341553,0.7831463813781738,logs/master/model_training13.log
,Ridge,Ridge,0.24629529910817188,34.732308864593506,35.10678791999817,0.3744790554046631,logs/master/model_training13.log
,RandomForestRegressor,RandomForest,0.012532254189194581,34.731223583221436,216.01245760917664,181.2812340259552,logs/master/model_training13.log
,DecisionTreeRegressor,DecisionTree,0.02354824872026754,34.968188762664795,101.83058452606201,66.86239576339722,logs/master/model_training13.log
,GradientBoostingRegressor,GradientBoosting,15.910498936854541,34.96632361412048,99.91296100616455,64.94663739204407,logs/master/model_training13.log
,LinearRegression,LinearRegression,0.24629529996064584,34.64283204078674,35.730905532836914,1.088073492050171,logs/master/model_training3.log
,Ridge,Ridge,0.24629529910817188,33.81782293319702,34.07958674430847,0.2617638111114502,logs/master/model_training3.log
,RandomForestRegressor,RandomForest,0.012532254189194581,35.07531023025513,233.75775122642517,198.68244099617004,logs/master/model_training3.log
,DecisionTreeRegressor,DecisionTree,0.02354824872026754,34.641518115997314,93.61859035491943,58.97707223892212,logs/master/model_training3.log
,GradientBoostingRegressor,GradientBoosting,15.910498936854541,35.07641363143921,105.63666725158691,70.5602536201477,logs/master/model_training3.log
,LinearRegression,LinearRegression,0.24629529996064584,49.075143814086914,49.923994064331055,0.8488502502441406,logs/master/model_training0.log
,Ridge,Ridge,0.24629529910817188,50.37211060523987,50.78357219696045,0.41146159172058105,logs/master/model_training0.log
,RandomForestRegressor,RandomForest,0.012532254189194581,50.142823219299316,239.09749150276184,188.95466828346252,logs/master/model_training0.log
,DecisionTreeRegressor,DecisionTree,0.02354824872026754,50.14417338371277,119.24394059181213,69.09976720809937,logs/master/model_training0.log
,GradientBoostingRegressor,GradientBoosting,15.910498936854541,50.373483180999756,105.66729784011841,55.29381465911865,logs/master/model_training0.log
,LinearRegression,LinearRegression,0.24629529996064584,34.13671946525574,35.16032314300537,1.0236036777496338,logs/master/model_training16.log
,Ridge,Ridge,0.24629529910817188,34.13559174537659,34.545210123062134,0.4096183776855469,logs/master/model_training16.log
,RandomForestRegressor,RandomForest,0.012532254189194581,34.208826780319214,226.80086374282837,192.59203696250916,logs/master/model_training16.log
,DecisionTreeRegressor,DecisionTree,0.02354824872026754,32.88282251358032,88.48468446731567,55.60186195373535,logs/master/model_training16.log
,GradientBoostingRegressor,GradientBoosting,15.910498936854541,34.20991015434265,101.50211191177368,67.29220175743103,logs/master/model_training16.log
,LinearRegression,LinearRegression,0.24629529996064584,33.69573664665222,34.68774127960205,0.9920046329498291,logs/master/model_training14.log
,Ridge,Ridge,0.24629529910817188,33.28079414367676,33.65103030204773,0.3702361583709717,logs/master/model_training14.log
,RandomForestRegressor,RandomForest,0.012532254189194581,33.69464349746704,208.34748911857605,174.652845621109,logs/master/model_training14.log
,DecisionTreeRegressor,DecisionTree,0.02354824872026754,32.64883303642273,87.98041844367981,55.33158540725708,logs/master/model_training14.log
,GradientBoostingRegressor,GradientBoosting,15.910498936854541,33.27967023849487,87.28685474395752,54.00718450546265,logs/master/model_training14.log
,LinearRegression,LinearRegression,0.24629529996064584,34.50228929519653,35.55830645561218,1.0560171604156494,logs/master/model_training17.log
,Ridge,Ridge,0.24629529910817188,34.65565466880798,35.01982498168945,0.3641703128814697,logs/master/model_training17.log
,RandomForestRegressor,RandomForest,0.012532254189194581,33.9615159034729,212.4079828262329,178.44646692276,logs/master/model_training17.log
,DecisionTreeRegressor,DecisionTree,0.02354824872026754,34.500948905944824,90.83018398284912,56.3292350769043,logs/master/model_training17.log
,GradientBoostingRegressor,GradientBoosting,15.910498936854541,34.656718015670776,87.15373730659485,52.49701929092407,logs/master/model_training17.log
,LinearRegression,LinearRegression,0.24629529996064584,33.964611768722534,34.727842569351196,0.7632308006286621,logs/master/model_training19.log
,Ridge,Ridge,0.24629529910817188,34.237870931625366,34.57748460769653,0.339613676071167,logs/master/model_training19.log
,RandomForestRegressor,RandomForest,0.012532254189194581,34.238940477371216,209.71416187286377,175.47522139549255,logs/master/model_training19.log
,DecisionTreeRegressor,DecisionTree,0.02354824872026754,33.838340282440186,104.10335850715637,70.26501822471619,logs/master/model_training19.log
,GradientBoostingRegressor,GradientBoosting,15.910498936854541,33.83969807624817,102.21085953712463,68.37116146087646,logs/master/model_training19.log
