cycle_id,log_start_rel_s,log_end_rel_s,log_duration_s,source_file
,0.0,213.362,213.362,logs/master/model_training5.log
,0.0,221.8,221.8,logs/master/model_training15.log
,0.0,227.063,227.063,logs/master/model_training8.log
,0.0,225.685,225.685,logs/master/model_training1.log
,0.0,211.93,211.93,logs/master/model_training7.log
,0.0,215.393,215.393,logs/master/model_training10.log
,0.0,213.904,213.904,logs/master/model_training4.log
,0.0,214.146,214.146,logs/master/model_training9.log
,0.0,211.058,211.058,logs/master/model_training12.log
,0.0,233.403,233.403,logs/master/model_training11.log
,0.0,210.906,210.906,logs/master/model_training18.log
,0.0,227.595,227.595,logs/master/model_training6.log
,0.0,210.85,210.85,logs/master/model_training2.log
,0.0,216.535,216.535,logs/master/model_training13.log
,0.0,234.657,234.657,logs/master/model_training3.log
,0.0,239.918,239.918,logs/master/model_training0.log
,0.0,226.996,226.996,logs/master/model_training16.log
,0.0,208.411,208.411,logs/master/model_training14.log
,0.0,213.182,213.182,logs/master/model_training17.log
,0.0,209.859,209.859,logs/master/model_training19.log
