mse,model,start_time,end_time,cycle_id,node_id
0.24671043686366495,Ridge,1765195229.5292406,1765195230.287074,7,24e0c28627f1acc5ee8d92901fd2cd7b3183b0cb24ceddab402213e9
0.2467104366525087,LinearRegression,1765195229.5800622,1765195230.906973,7,24e0c28627f1acc5ee8d92901fd2cd7b3183b0cb24ceddab402213e9
0.02326140813289904,DecisionTreeRegressor,1765195230.3935783,1765195310.12525,7,24e0c28627f1acc5ee8d92901fd2cd7b3183b0cb24ceddab402213e9
6.741473265364882,GradientBoostingRegressor,1765195230.9984558,1765195365.0566678,7,24e0c28627f1acc5ee8d92901fd2cd7b3183b0cb24ceddab402213e9
