mse,model,start_time,end_time,cycle_id,node_id
0.24671043686366495,Ridge,1765199265.8307207,1765199266.3508604,17,24e0c28627f1acc5ee8d92901fd2cd7b3183b0cb24ceddab402213e9
0.2467104366525087,LinearRegression,1765199265.7605217,1765199267.0219114,17,24e0c28627f1acc5ee8d92901fd2cd7b3183b0cb24ceddab402213e9
0.02326140813289904,DecisionTreeRegressor,1765199266.4473789,1765199343.0395663,17,24e0c28627f1acc5ee8d92901fd2cd7b3183b0cb24ceddab402213e9
6.741473265364882,GradientBoostingRegressor,1765199267.0275304,1765199394.6597111,17,24e0c28627f1acc5ee8d92901fd2cd7b3183b0cb24ceddab402213e9
