mse,model,start_time,end_time,cycle_id,node_id
0.24671043686366495,Ridge,1765200475.6365056,1765200476.2281947,20,24e0c28627f1acc5ee8d92901fd2cd7b3183b0cb24ceddab402213e9
0.2467104366525087,LinearRegression,1765200475.5804827,1765200476.9410398,20,24e0c28627f1acc5ee8d92901fd2cd7b3183b0cb24ceddab402213e9
0.02326140813289904,DecisionTreeRegressor,1765200476.2923298,1765200553.734681,20,24e0c28627f1acc5ee8d92901fd2cd7b3183b0cb24ceddab402213e9
6.741473265364882,GradientBoostingRegressor,1765200476.9915407,1765200606.594039,20,24e0c28627f1acc5ee8d92901fd2cd7b3183b0cb24ceddab402213e9
