mse,model,start_time,end_time,cycle_id,node_id
0.24671043686366495,Ridge,1765194031.3772414,1765194032.1499426,4,24e0c28627f1acc5ee8d92901fd2cd7b3183b0cb24ceddab402213e9
0.2467104366525087,LinearRegression,1765194031.354322,1765194032.632738,4,24e0c28627f1acc5ee8d92901fd2cd7b3183b0cb24ceddab402213e9
0.02326140813289904,DecisionTreeRegressor,1765194032.1999352,1765194108.0120473,4,24e0c28627f1acc5ee8d92901fd2cd7b3183b0cb24ceddab402213e9
6.741473265364882,GradientBoostingRegressor,1765194032.6415157,1765194160.3585925,4,24e0c28627f1acc5ee8d92901fd2cd7b3183b0cb24ceddab402213e9
