mse,model,start_time,end_time,cycle_id,node_id
0.24671043686366495,Ridge,1765194431.2940743,1765194432.1236966,5,24e0c28627f1acc5ee8d92901fd2cd7b3183b0cb24ceddab402213e9
0.2467104366525087,LinearRegression,1765194431.3155963,1765194432.767709,5,24e0c28627f1acc5ee8d92901fd2cd7b3183b0cb24ceddab402213e9
0.02326140813289904,DecisionTreeRegressor,1765194432.1784837,1765194513.1690676,5,24e0c28627f1acc5ee8d92901fd2cd7b3183b0cb24ceddab402213e9
6.741473265364882,GradientBoostingRegressor,1765194432.7757545,1765194568.9927688,5,24e0c28627f1acc5ee8d92901fd2cd7b3183b0cb24ceddab402213e9
