mse,model,start_time,end_time,cycle_id,node_id
0.24671043686366495,Ridge,1765197655.1212716,1765197655.8934486,13,24e0c28627f1acc5ee8d92901fd2cd7b3183b0cb24ceddab402213e9
0.2467104366525087,LinearRegression,1765197655.11702,1765197656.6673858,13,24e0c28627f1acc5ee8d92901fd2cd7b3183b0cb24ceddab402213e9
0.02326140813289904,DecisionTreeRegressor,1765197655.9192345,1765197736.2443073,13,24e0c28627f1acc5ee8d92901fd2cd7b3183b0cb24ceddab402213e9
6.741473265364882,GradientBoostingRegressor,1765197656.7196784,1765197792.5325077,13,24e0c28627f1acc5ee8d92901fd2cd7b3183b0cb24ceddab402213e9
