mse,model,start_time,end_time,cycle_id,node_id
0.24671043686366495,Ridge,1765200067.8644626,1765200068.5635476,19,24e0c28627f1acc5ee8d92901fd2cd7b3183b0cb24ceddab402213e9
0.2467104366525087,LinearRegression,1765200067.7566252,1765200069.0232477,19,24e0c28627f1acc5ee8d92901fd2cd7b3183b0cb24ceddab402213e9
0.02326140813289904,DecisionTreeRegressor,1765200068.5778813,1765200145.9976835,19,24e0c28627f1acc5ee8d92901fd2cd7b3183b0cb24ceddab402213e9
6.741473265364882,GradientBoostingRegressor,1765200069.0294082,1765200199.0501025,19,24e0c28627f1acc5ee8d92901fd2cd7b3183b0cb24ceddab402213e9
