mse,model,start_time,end_time,cycle_id,node_id
0.24671043686366495,Ridge,1765198462.600224,1765198463.1992006,15,24e0c28627f1acc5ee8d92901fd2cd7b3183b0cb24ceddab402213e9
0.2467104366525087,LinearRegression,1765198462.5725348,1765198464.1287663,15,24e0c28627f1acc5ee8d92901fd2cd7b3183b0cb24ceddab402213e9
0.02326140813289904,DecisionTreeRegressor,1765198463.2427397,1765198543.1779752,15,24e0c28627f1acc5ee8d92901fd2cd7b3183b0cb24ceddab402213e9
6.741473265364882,GradientBoostingRegressor,1765198464.2402997,1765198599.7129302,15,24e0c28627f1acc5ee8d92901fd2cd7b3183b0cb24ceddab402213e9
