mse,model,start_time,end_time,cycle_id,node_id
0.24671043686366495,Ridge,1765198060.0362966,1765198060.8032317,14,24e0c28627f1acc5ee8d92901fd2cd7b3183b0cb24ceddab402213e9
0.2467104366525087,LinearRegression,1765198060.1757984,1765198061.5863469,14,24e0c28627f1acc5ee8d92901fd2cd7b3183b0cb24ceddab402213e9
0.02326140813289904,DecisionTreeRegressor,1765198060.835155,1765198139.447316,14,24e0c28627f1acc5ee8d92901fd2cd7b3183b0cb24ceddab402213e9
6.741473265364882,GradientBoostingRegressor,1765198061.5922694,1765198196.0577037,14,24e0c28627f1acc5ee8d92901fd2cd7b3183b0cb24ceddab402213e9
