mse,model,start_time,end_time,cycle_id,node_id
0.24671043686366495,Ridge,1765192828.079047,1765192828.4493926,1,24e0c28627f1acc5ee8d92901fd2cd7b3183b0cb24ceddab402213e9
0.2467104366525087,LinearRegression,1765192827.846058,1765192828.8631952,1,24e0c28627f1acc5ee8d92901fd2cd7b3183b0cb24ceddab402213e9
0.02326140813289904,DecisionTreeRegressor,1765192828.5964403,1765192904.1409135,1,24e0c28627f1acc5ee8d92901fd2cd7b3183b0cb24ceddab402213e9
6.741473265364882,GradientBoostingRegressor,1765192828.9936197,1765192956.6725862,1,24e0c28627f1acc5ee8d92901fd2cd7b3183b0cb24ceddab402213e9
