mse,model,start_time,end_time,cycle_id,node_id
0.24671043686366495,Ridge,1765195630.1420972,1765195630.7602699,8,24e0c28627f1acc5ee8d92901fd2cd7b3183b0cb24ceddab402213e9
0.2467104366525087,LinearRegression,1765195630.107808,1765195631.669825,8,24e0c28627f1acc5ee8d92901fd2cd7b3183b0cb24ceddab402213e9
0.02326140813289904,DecisionTreeRegressor,1765195630.8720024,1765195709.783127,8,24e0c28627f1acc5ee8d92901fd2cd7b3183b0cb24ceddab402213e9
6.741473265364882,GradientBoostingRegressor,1765195631.7713249,1765195764.7685633,8,24e0c28627f1acc5ee8d92901fd2cd7b3183b0cb24ceddab402213e9
