mse,model,start_time,end_time,cycle_id,node_id
0.24671043686366495,Ridge,1765196835.6500359,1765196836.457556,11,24e0c28627f1acc5ee8d92901fd2cd7b3183b0cb24ceddab402213e9
0.2467104366525087,LinearRegression,1765196835.6358273,1765196837.0189204,11,24e0c28627f1acc5ee8d92901fd2cd7b3183b0cb24ceddab402213e9
0.02326140813289904,DecisionTreeRegressor,1765196836.5573099,1765196915.5572438,11,24e0c28627f1acc5ee8d92901fd2cd7b3183b0cb24ceddab402213e9
6.741473265364882,GradientBoostingRegressor,1765196837.0273104,1765196970.2161775,11,24e0c28627f1acc5ee8d92901fd2cd7b3183b0cb24ceddab402213e9
