mse,model,start_time,end_time,cycle_id,node_id
0.24671043686366495,Ridge,1765194830.7671285,1765194831.4386616,6,24e0c28627f1acc5ee8d92901fd2cd7b3183b0cb24ceddab402213e9
0.2467104366525087,LinearRegression,1765194830.7684681,1765194832.3503683,6,24e0c28627f1acc5ee8d92901fd2cd7b3183b0cb24ceddab402213e9
0.02326140813289904,DecisionTreeRegressor,1765194831.4832788,1765194911.0399206,6,24e0c28627f1acc5ee8d92901fd2cd7b3183b0cb24ceddab402213e9
6.741473265364882,GradientBoostingRegressor,1765194832.3599112,1765194965.1460185,6,24e0c28627f1acc5ee8d92901fd2cd7b3183b0cb24ceddab402213e9
