mse,model,start_time,end_time,cycle_id,node_id
0.24671043686366495,Ridge,1765193231.4249065,1765193232.142311,2,24e0c28627f1acc5ee8d92901fd2cd7b3183b0cb24ceddab402213e9
0.2467104366525087,LinearRegression,1765193231.5168333,1765193232.8588138,2,24e0c28627f1acc5ee8d92901fd2cd7b3183b0cb24ceddab402213e9
0.02326140813289904,DecisionTreeRegressor,1765193232.1981115,1765193310.7237093,2,24e0c28627f1acc5ee8d92901fd2cd7b3183b0cb24ceddab402213e9
6.741473265364882,GradientBoostingRegressor,1765193232.8658466,1765193363.8946397,2,24e0c28627f1acc5ee8d92901fd2cd7b3183b0cb24ceddab402213e9
