mse,model,start_time,end_time,cycle_id,node_id
0.24671043686366495,Ridge,1765196032.0287054,1765196032.7811494,9,24e0c28627f1acc5ee8d92901fd2cd7b3183b0cb24ceddab402213e9
0.2467104366525087,LinearRegression,1765196032.1063697,1765196033.4893403,9,24e0c28627f1acc5ee8d92901fd2cd7b3183b0cb24ceddab402213e9
0.02326140813289904,DecisionTreeRegressor,1765196032.8549573,1765196110.7355855,9,24e0c28627f1acc5ee8d92901fd2cd7b3183b0cb24ceddab402213e9
6.741473265364882,GradientBoostingRegressor,1765196033.5547686,1765196164.6235864,9,24e0c28627f1acc5ee8d92901fd2cd7b3183b0cb24ceddab402213e9
