mse,model,start_time,end_time,cycle_id,node_id
0.24671043686366495,Ridge,1765193635.3679035,1765193636.0149791,3,24e0c28627f1acc5ee8d92901fd2cd7b3183b0cb24ceddab402213e9
0.2467104366525087,LinearRegression,1765193635.3657186,1765193636.8335485,3,24e0c28627f1acc5ee8d92901fd2cd7b3183b0cb24ceddab402213e9
0.02326140813289904,DecisionTreeRegressor,1765193636.0654294,1765193712.6391826,3,24e0c28627f1acc5ee8d92901fd2cd7b3183b0cb24ceddab402213e9
6.741473265364882,GradientBoostingRegressor,1765193636.8410761,1765193766.419529,3,24e0c28627f1acc5ee8d92901fd2cd7b3183b0cb24ceddab402213e9
