mse,model,start_time,end_time,cycle_id,node_id
0.24671043686366495,Ridge,1765199667.3703434,1765199668.1126096,18,24e0c28627f1acc5ee8d92901fd2cd7b3183b0cb24ceddab402213e9
0.2467104366525087,LinearRegression,1765199667.3703008,1765199668.6251595,18,24e0c28627f1acc5ee8d92901fd2cd7b3183b0cb24ceddab402213e9
0.02326140813289904,DecisionTreeRegressor,1765199668.205838,1765199744.7327294,18,24e0c28627f1acc5ee8d92901fd2cd7b3183b0cb24ceddab402213e9
6.741473265364882,GradientBoostingRegressor,1765199668.6321092,1765199796.790638,18,24e0c28627f1acc5ee8d92901fd2cd7b3183b0cb24ceddab402213e9
