mse,model,start_time,end_time,cycle_id,node_id
0.24671043686366495,Ridge,1765197254.8796794,1765197255.7104435,12,24e0c28627f1acc5ee8d92901fd2cd7b3183b0cb24ceddab402213e9
0.2467104366525087,LinearRegression,1765197254.8792503,1765197256.3761563,12,24e0c28627f1acc5ee8d92901fd2cd7b3183b0cb24ceddab402213e9
0.02326140813289904,DecisionTreeRegressor,1765197255.7665827,1765197334.1112554,12,24e0c28627f1acc5ee8d92901fd2cd7b3183b0cb24ceddab402213e9
6.741473265364882,GradientBoostingRegressor,1765197256.3853335,1765197389.193446,12,24e0c28627f1acc5ee8d92901fd2cd7b3183b0cb24ceddab402213e9
