mse,model,start_time,end_time,cycle_id,node_id
0.24671043686366495,Ridge,1765198861.4119127,1765198862.1594124,16,24e0c28627f1acc5ee8d92901fd2cd7b3183b0cb24ceddab402213e9
0.2467104366525087,LinearRegression,1765198861.4590425,1765198862.881664,16,24e0c28627f1acc5ee8d92901fd2cd7b3183b0cb24ceddab402213e9
0.02326140813289904,DecisionTreeRegressor,1765198862.2629116,1765198940.717459,16,24e0c28627f1acc5ee8d92901fd2cd7b3183b0cb24ceddab402213e9
6.741473265364882,GradientBoostingRegressor,1765198862.890497,1765198994.3948712,16,24e0c28627f1acc5ee8d92901fd2cd7b3183b0cb24ceddab402213e9
