mse,model,start_time,end_time,cycle_id,node_id
0.24671043686366495,Ridge,1765196431.6979764,1765196432.4490938,10,24e0c28627f1acc5ee8d92901fd2cd7b3183b0cb24ceddab402213e9
0.2467104366525087,LinearRegression,1765196431.674491,1765196433.0966475,10,24e0c28627f1acc5ee8d92901fd2cd7b3183b0cb24ceddab402213e9
0.02326140813289904,DecisionTreeRegressor,1765196432.5409026,1765196512.2486937,10,24e0c28627f1acc5ee8d92901fd2cd7b3183b0cb24ceddab402213e9
6.741473265364882,GradientBoostingRegressor,1765196433.1038167,1765196566.9811127,10,24e0c28627f1acc5ee8d92901fd2cd7b3183b0cb24ceddab402213e9
