mse,model,start_time,end_time,cycle_id,node_id
0.2467005873405858,LinearRegression,1765553743.653263,1765553764.5058033,18,spark-master
1.0232451773030664,Ridge,1765553764.505941,1765553784.5166333,18,spark-master
0.32550101655778757,Lasso,1765553784.5167584,1765553803.6592274,18,spark-master
0.2565147880783265,RandomForest,1765553803.659396,1765553856.7523377,18,spark-master
0.2539752492728116,DecisionTree,1765553856.7524824,1765553895.9358032,18,spark-master
0.7679835655494237,GradientBoosting,1765553895.9359596,1765553951.080539,18,spark-master
