mse,model,start_time,end_time,cycle_id,node_id
0.24670058734044828,LinearRegression,1765554247.6452074,1765554268.3115234,20,spark-master
1.0232451773030664,Ridge,1765554268.3116777,1765554288.819127,20,spark-master
0.3255010165572409,Lasso,1765554288.8192253,1765554308.9527655,20,spark-master
0.25651535617140037,RandomForest,1765554308.9528964,1765554363.7917747,20,spark-master
0.2539752492728116,DecisionTree,1765554363.7918918,1765554399.0924373,20,spark-master
0.7679835655494237,GradientBoosting,1765554399.09261,1765554452.7319484,20,spark-master
