mse,model,start_time,end_time,cycle_id,node_id
0.24670058733956554,LinearRegression,1765553493.7691014,1765553514.7057474,17,spark-master
1.0232451773016966,Ridge,1765553514.7058492,1765553534.924676,17,spark-master
0.32550101655778757,Lasso,1765553534.9248102,1765553555.0360703,17,spark-master
0.25651535617140037,RandomForest,1765553555.036215,1765553609.2104747,17,spark-master
0.2539752492728116,DecisionTree,1765553609.2106252,1765553644.1392612,17,spark-master
0.7679835655494237,GradientBoosting,1765553644.139389,1765553699.453244,17,spark-master
