mse,model,start_time,end_time,cycle_id,node_id
0.24670058733956554,LinearRegression,1765553222.1528974,1765553246.1642048,16,spark-master
1.023245177302922,Ridge,1765553246.1643646,1765553269.2620804,16,spark-master
0.32550101655778746,Lasso,1765553269.2621932,1765553291.0113177,16,spark-master
0.2565147880783265,RandomForest,1765553291.0114744,1765553350.3830545,16,spark-master
0.2539752492728116,DecisionTree,1765553350.3832057,1765553386.7319455,16,spark-master
0.7679835655494237,GradientBoosting,1765553386.7321155,1765553446.1009905,16,spark-master
