mse,model,start_time,end_time,cycle_id,node_id
0.24670058733984893,LinearRegression,1765553996.5696898,1765554016.7121716,19,spark-master
1.0232451773028,Ridge,1765554016.712304,1765554036.791613,19,spark-master
0.32550106675993024,Lasso,1765554036.7917416,1765554056.5914252,19,spark-master
0.25651478807832645,RandomForest,1765554056.5915165,1765554112.228843,19,spark-master
0.2539752492728116,DecisionTree,1765554112.2289948,1765554147.747224,19,spark-master
0.7679835655494237,GradientBoosting,1765554147.7473695,1765554202.1526656,19,spark-master
